ar-k,map-k,mae,k
0, 0, 0, 0
0.001338289962825278884698938449, 0.006505576208178438661710037175, 0, 2
0.003122676579925650730964189715, 0.006908302354399008579519413914, 0, 4
