{"0":{"1":-0.0145964623,"2":0.1614793216,"3":-0.0959623936,"4":-0.1264769435,"5":0.0430597085,"6":0.1942785925,"7":0.6701003728,"8":-0.0348551168,"9":-0.2384000275,"10":0.0476310582,"11":0.336329912,"12":0.0952117956,"13":-0.1305309352,"14":-0.0235823633,"15":-0.6966318571,"16":0.0271623455,"17":0.0176597263,"18":0.0002264224,"19":0.0135570039,"20":-0.0257905131},"1":{"1":-0.0779162427,"2":0.1942605747,"3":0.0464461617,"4":-0.0946395446,"5":0.14444868,"6":0.3955249041,"7":-0.1235203791,"8":0.0737373755,"9":0.1017067858,"10":0.0594114402,"11":-0.1504266777,"12":0.1306074634,"13":-0.0393344479,"14":-0.038443488,"15":-0.5468037647,"16":0.0779165386,"17":-0.0847056685,"18":-0.0356387359,"19":-0.0155593342,"20":-0.1124323929},"2":{"1":-0.0104133989,"2":-0.0758544984,"3":0.0630000495,"4":0.0791500662,"5":0.0430028618,"6":-0.2526613695,"7":0.0253110159,"8":0.047886383,"9":-0.0150172415,"10":0.0099601972,"11":-0.1501630536,"12":0.0756774453,"13":-0.0353554079,"14":0.0005281293,"15":-0.0836246375,"16":0.0282352119,"17":0.016970902,"18":0.0875125357,"19":0.0539881351,"20":-0.0395053187},"3":{"1":-0.0085360373,"2":-0.0132176092,"3":0.0097650226,"4":0.0048041432,"5":-0.0026679795,"6":0.0143881075,"7":-0.008498212,"8":0.0018001527,"9":-0.0143388086,"10":-0.0010903776,"11":-0.0002087272,"12":0.0059468778,"13":0.0032094959,"14":0.0005782265,"15":-0.0170058008,"16":0.0208037919,"17":0.0136281963,"18":-0.0177830713,"19":0.0040294198,"20":0.016256301},"4":{"1":0.0067157226,"2":0.0247391076,"3":0.0113194937,"4":0.0154706006,"5":0.0184556227,"6":-0.0420142571,"7":0.0093164358,"8":-0.008811377,"9":-0.0091342109,"10":0.0192376492,"11":-0.0141785027,"12":-0.0071678446,"13":0.0089452215,"14":0.0084733806,"15":-0.0290002468,"16":0.0016106392,"17":0.0074170127,"18":0.0031703469,"19":-0.0161499155,"20":0.0153600995},"5":{"1":0.0047100699,"2":0.019856763,"3":-0.0064078869,"4":-0.0074342503,"5":0.0230967143,"6":-0.0282270062,"7":0.0036386393,"8":0.0029120143,"9":0.0132868867,"10":-0.0027993104,"11":-0.012696812,"12":-0.0062532969,"13":0.0038386917,"14":-0.0323653524,"15":0.0077164319,"16":-0.0082265008,"17":0.0150008353,"18":-0.0068240926,"19":0.0053994561,"20":-0.00317653},"6":{"1":0.0272816524,"2":0.0102671987,"3":0.0021041157,"4":-0.011429775,"5":-0.0134917003,"6":-0.0073763812,"7":0.0114665905,"8":-0.0168992414,"9":-0.0163833265,"10":0.0065292245,"11":0.0166674972,"12":-0.0091736181,"13":0.0007383449,"14":0.0285947937,"15":0.0138397883,"16":0.0000914979,"17":-0.0039515589,"18":-0.003478438,"19":-0.0306557161,"20":0.004631764},"7":{"1":-0.0239322002,"2":-0.0265452724,"3":-0.0185290559,"4":0.0297162374,"5":0.0011849899,"6":-0.008221892,"7":0.0105801029,"8":-0.0324169484,"9":-0.0112635038,"10":0.0097253296,"11":0.0214738129,"12":0.0131507837,"13":0.0208303422,"14":-0.0101637111,"15":0.0148451152,"16":0.0110498061,"17":-0.0364559604,"18":-0.0138620821,"19":0.0309354304,"20":0.0124988532},"8":{"1":-0.0034864131,"2":-0.0089415551,"3":0.00715636,"4":0.0038460229,"5":-0.0013959605,"6":-0.0032161823,"7":-0.0116568182,"8":0.0228750901,"9":-0.0101623678,"10":-0.0202159827,"11":0.0039878884,"12":0.017509869,"13":-0.0046434864,"14":-0.0137062538,"15":-0.0356687565,"16":-0.0008716982,"17":-0.0001054677,"18":0.0307194545,"19":-0.0069672704,"20":0.0057697984},"9":{"1":-0.0140822321,"2":-0.0334763877,"3":-0.0171671306,"4":-0.0029611242,"5":-0.0253006689,"6":0.0051513634,"7":-0.0131633488,"8":0.0008888504,"9":0.0229072166,"10":0.0110687288,"11":0.005467259,"12":0.0289880146,"13":0.0049949683,"14":0.0044743279,"15":0.0239738248,"16":0.006826485,"17":-0.0058898292,"18":0.0061026096,"19":0.0073299004,"20":0.0343913907},"10":{"1":0.0456402299,"2":-0.00550835,"3":-0.0254902194,"4":-0.0070307917,"5":-0.0116626452,"6":0.0014370711,"7":-0.0030998506,"8":-0.0053499621,"9":-0.0015461145,"10":0.0119303612,"11":0.0081527004,"12":0.035836275,"13":0.0019909127,"14":-0.0094039026,"15":0.0029816394,"16":0.0141164536,"17":-0.0085783404,"18":0.0121374817,"19":0.0226612364,"20":-0.0197236641},"11":{"1":-0.0271242189,"2":-0.0025309772,"3":0.0083091168,"4":0.0219349415,"5":-0.0047635726,"6":-0.002900815,"7":0.0109011939,"8":-0.0187221227,"9":-0.002533861,"10":-0.0002826035,"11":0.0017706859,"12":0.01245331,"13":0.0233282108,"14":0.0097884534,"15":-0.003618663,"16":0.0018119702,"17":0.0009473489,"18":-0.0043350201,"19":-0.0060680982,"20":-0.0346983857},"12":{"1":0.0135972799,"2":-0.000921117,"3":-0.0233164315,"4":0.0124397718,"5":0.012751297,"6":-0.0135389286,"7":-0.0025512483,"8":-0.0134320311,"9":-0.000722247,"10":0.0268044936,"11":-0.0105078373,"12":-0.0129985025,"13":0.014870628,"14":0.0045379079,"15":-0.0158919817,"16":-0.0043810113,"17":-0.0003106625,"18":-0.0233525266,"19":0.0293346421,"20":-0.0094285008},"13":{"1":-0.0059880984,"2":0.0044573728,"3":-0.0214663465,"4":0.0033610725,"5":0.0063619807,"6":-0.0018385139,"7":-0.0158892638,"8":0.0114606945,"9":-0.0037331338,"10":-0.0079815036,"11":0.0212839332,"12":-0.0170046025,"13":0.0117659007,"14":0.0089232167,"15":-0.028228665,"16":0.0240455808,"17":-0.0133282021,"18":0.0313301788,"19":-0.0269431527,"20":-0.0270906311},"14":{"1":-0.0102929233,"2":-0.0104387618,"3":0.0010730873,"4":0.0062745517,"5":-0.011020115,"6":0.0179152624,"7":0.0000430328,"8":0.0084492289,"9":0.0147643546,"10":-0.0105916999,"11":-0.0151754143,"12":0.0000906234,"13":-0.0047320562,"14":-0.0235751355,"15":0.0058783913,"16":0.0028291722,"17":0.0100142848,"18":0.0141545099,"19":0.0036787359,"20":0.0069298166},"15":{"1":0.0006185926,"2":0.013442114,"3":-0.018016327,"4":-0.0135892002,"5":0.0113952335,"6":-0.0278655621,"7":-0.0046219518,"8":-0.0001470924,"9":-0.0034200798,"10":0.0212644724,"11":-0.0112830661,"12":-0.0325226502,"13":-0.0058184586,"14":-0.0127868094,"15":-0.0186699712,"16":0.0135000779,"17":0.0089226095,"18":0.0166270464,"19":-0.0197012498,"20":-0.0018372697},"16":{"1":-0.0124521712,"2":-0.0028744204,"3":-0.0237692753,"4":0.0039591481,"5":-0.0260125219,"6":-0.0047287287,"7":0.0014511153,"8":-0.0101031594,"9":0.0074894477,"10":0.0069673044,"11":0.0080748356,"12":-0.0052490873,"13":-0.000142985,"14":-0.0192999507,"15":0.007235568,"16":0.0134931849,"17":-0.0103750348,"18":0.011366484,"19":0.0076681336,"20":0.0093439375},"17":{"1":0.0018064049,"2":-0.0062813192,"3":-0.0110483837,"4":0.0163100423,"5":0.0193298177,"6":-0.0440149503,"7":-0.0052607308,"8":0.0001079113,"9":-0.0040672862,"10":0.0103764635,"11":-0.0085925509,"12":-0.0022566277,"13":-0.0036687359,"14":0.0290995255,"15":0.0022532504,"16":-0.0160480894,"17":-0.0076152587,"18":-0.0000952205,"19":-0.012616722,"20":-0.0144095218},"18":{"1":0.0022627533,"2":0.0087964735,"3":-0.0120044062,"4":-0.0332392716,"5":0.0354653694,"6":-0.0286459678,"7":0.0111952337,"8":-0.0255828534,"9":-0.0046220839,"10":-0.0227280477,"11":0.0183231418,"12":-0.0425538153,"13":-0.0326873796,"14":0.0270895266,"15":-0.0207712909,"16":0.0060707672,"17":0.0123879827,"18":0.0005894389,"19":0.0056043729,"20":0.0053294362},"19":{"1":0.0036487643,"2":-0.0123168911,"3":-0.0050907482,"4":-0.0004048944,"5":0.0094610639,"6":-0.0109765273,"7":0.0087009821,"8":0.0003222769,"9":0.0024139362,"10":-0.0095833756,"11":0.0153833679,"12":-0.0073778941,"13":0.0260342756,"14":-0.0044228389,"15":0.0152841089,"16":0.0200027015,"17":0.0029950315,"18":0.0057445922,"19":-0.0176251308,"20":-0.0002347638}}