{"0":{"1":-0.0280791661,"2":-0.1963093549,"3":-0.0895250302,"4":0.3382635511,"5":0.0793508006,"6":0.1060013762,"7":0.1136615302,"8":-0.2960574692,"9":0.318173251,"10":0.061504237,"11":-0.5079606823,"12":-0.0504543636,"13":-0.0616417615,"14":0.084648044,"15":1.3258048994,"16":-0.0714709846,"17":-0.0578943923,"18":-0.0913966616,"19":-0.089967515,"20":0.1965419613},"1":{"1":0.0365053447,"2":-0.0115143316,"3":-0.1602439181,"4":-0.177814573,"5":-0.0609587925,"6":-0.0526095552,"7":-0.01651223,"8":0.0884691118,"9":0.2319856774,"10":0.3081974394,"11":0.0019795019,"12":0.0189222022,"13":0.0482213862,"14":-0.0271747556,"15":-0.22147816,"16":-0.0153350705,"17":-0.0243824753,"18":-0.0869533086,"19":-0.041379606,"20":-0.0135296524},"2":{"1":0.0093208942,"2":0.0685525723,"3":-0.0440134575,"4":-0.04999215,"5":-0.0201547247,"6":0.1281641672,"7":-0.140243157,"8":-0.0389871488,"9":-0.1225672888,"10":-0.0439660269,"11":-0.1797363688,"12":0.1677902642,"13":-0.1504044553,"14":0.0626144644,"15":-0.0079898286,"16":0.0733159351,"17":0.0147938669,"18":-0.0802784045,"19":0.0362361765,"20":0.1419292954},"3":{"1":0.0062526364,"2":-0.02691938,"3":-0.0188737744,"4":-0.0217109167,"5":0.0134638852,"6":-0.068552792,"7":-0.0022099987,"8":-0.0479852276,"9":0.0688673276,"10":0.047295179,"11":0.0430709789,"12":0.0656595,"13":0.0297785867,"14":0.0028791815,"15":-0.0028316029,"16":0.0150216747,"17":0.0069965897,"18":0.0200263992,"19":0.0131894707,"20":0.0156347821},"4":{"1":-0.0054118282,"2":0.0068705026,"3":0.0091833541,"4":-0.0128124925,"5":-0.0163874597,"6":0.0129663883,"7":0.0104223793,"8":-0.0198873263,"9":0.0103372395,"10":0.0124585051,"11":-0.0010171274,"12":0.0099250781,"13":0.027820956,"14":-0.0011993147,"15":-0.0197662328,"16":0.0074148903,"17":0.0086548911,"18":-0.0038462197,"19":0.0085290264,"20":-0.0369110283},"5":{"1":0.0176164801,"2":0.0024841363,"3":0.0013282739,"4":0.0129774269,"5":-0.0041867965,"6":0.0158598498,"7":-0.014234888,"8":-0.0002679086,"9":-0.0234782312,"10":0.0103683361,"11":-0.0127694744,"12":-0.0051505922,"13":-0.009208218,"14":-0.0058813212,"15":-0.0191017435,"16":0.0094952833,"17":-0.0066235269,"18":-0.0242921084,"19":0.0086862808,"20":0.0150848509},"6":{"1":0.0239196602,"2":-0.0164181178,"3":-0.0298598645,"4":-0.0168708998,"5":-0.0070407601,"6":0.006753749,"7":-0.0145497509,"8":-0.0132951437,"9":-0.0283131577,"10":0.0155218507,"11":-0.0103684144,"12":0.0081323741,"13":0.0198531666,"14":-0.0152721333,"15":0.0509640767,"16":0.0052500003,"17":0.0212565885,"18":0.0140558208,"19":0.0068356649,"20":0.0047137881},"7":{"1":-0.0046959193,"2":0.0073993299,"3":0.0232148293,"4":0.0008342375,"5":-0.0012305853,"6":0.0035484325,"7":0.0149799663,"8":0.0140932119,"9":0.0208603997,"10":0.0275199744,"11":-0.0036136174,"12":-0.010604972,"13":0.0125378281,"14":0.0053346579,"15":-0.0181558726,"16":0.0104832217,"17":-0.02703362,"18":-0.007549091,"19":0.0012337014,"20":-0.0395144608},"8":{"1":0.00914215,"2":0.0040045851,"3":0.0068158813,"4":0.0228098807,"5":-0.0004639146,"6":0.0004313613,"7":-0.0162503739,"8":-0.0067040351,"9":0.0131529636,"10":-0.042467789,"11":-0.0064211068,"12":0.0213021023,"13":-0.0065281307,"14":0.0056026358,"15":-0.0083426761,"16":0.017908636,"17":0.0009388041,"18":0.0082910886,"19":0.0082900928,"20":0.000213918},"9":{"1":0.015452127,"2":0.0062730141,"3":-0.0153130188,"4":-0.0030247111,"5":-0.0020009923,"6":-0.0060209131,"7":0.0008724985,"8":-0.0179382885,"9":0.0312482646,"10":0.0173971419,"11":-0.0002303524,"12":-0.0151614991,"13":-0.0071236143,"14":-0.0117315139,"15":0.0278177778,"16":-0.0297362876,"17":0.001487701,"18":0.0119413206,"19":-0.0031481938,"20":0.0075970688},"10":{"1":0.0183129524,"2":-0.0030873319,"3":0.0020387178,"4":-0.0214721292,"5":0.0225176094,"6":-0.013709259,"7":0.0162944203,"8":-0.0001574006,"9":-0.0071667543,"10":0.030029133,"11":-0.0173253521,"12":0.0166086148,"13":-0.0132114023,"14":-0.0082683545,"15":0.0147083365,"16":0.0212178066,"17":0.0263264148,"18":-0.0238691651,"19":0.0093484569,"20":-0.0006317691},"11":{"1":-0.0006678914,"2":0.0050882509,"3":0.0016875621,"4":0.0009025378,"5":-0.006211507,"6":0.0305841416,"7":0.0197200495,"8":-0.0048663429,"9":-0.0019537513,"10":-0.0032635686,"11":0.0211449451,"12":-0.0256985347,"13":-0.0045244883,"14":-0.0053067872,"15":0.0005295199,"16":0.0150765693,"17":-0.0064101394,"18":0.0063340992,"19":0.0063678274,"20":-0.0144835474},"12":{"1":-0.0044221438,"2":0.0014024578,"3":0.0105511984,"4":0.0063013218,"5":-0.0282288513,"6":0.0005789633,"7":0.0067724987,"8":0.0335859714,"9":0.0025954567,"10":-0.0128185958,"11":0.014813894,"12":0.0022325799,"13":-0.0005737632,"14":-0.0075744273,"15":-0.0051503991,"16":-0.0164049591,"17":0.0061494427,"18":-0.0014072306,"19":-0.0002328478,"20":0.0203282553},"13":{"1":-0.0121156449,"2":0.0017941997,"3":0.007194034,"4":0.0312103142,"5":-0.0039728023,"6":-0.00643774,"7":-0.0013351879,"8":0.0023912305,"9":-0.0106561111,"10":-0.0213110216,"11":0.0167593711,"12":0.0013259954,"13":-0.007347547,"14":-0.0048772063,"15":0.0102930904,"16":-0.0049731812,"17":-0.0200371626,"18":0.0041617484,"19":0.0040105731,"20":-0.0168390111},"14":{"1":-0.0235033969,"2":-0.0099236624,"3":-0.0222964195,"4":0.0152208692,"5":-0.0022105817,"6":-0.0088989505,"7":-0.010164351,"8":-0.0076144222,"9":0.01572472,"10":-0.0132494518,"11":-0.0080723642,"12":-0.0121548841,"13":-0.0063768344,"14":-0.0122418326,"15":-0.009861253,"16":-0.0059436641,"17":0.0108275366,"18":0.0124555936,"19":0.0199878533,"20":0.0211503288},"15":{"1":0.0023383895,"2":-0.0036559302,"3":0.0029921583,"4":0.0105205058,"5":0.0029654066,"6":-0.0016603254,"7":-0.0021200122,"8":0.0144296785,"9":0.015959423,"10":0.0087794013,"11":0.0145837367,"12":-0.0096054108,"13":0.0113830265,"14":-0.0099514076,"15":0.0048622359,"16":0.0219096547,"17":0.0014868158,"18":0.0230495786,"19":0.0056738463,"20":0.0141472269},"16":{"1":0.0091429105,"2":0.005952504,"3":0.0109218084,"4":-0.0210456522,"5":-0.0261457213,"6":-0.0003278668,"7":-0.0225277345,"8":-0.0077883466,"9":0.0162872,"10":0.0118884253,"11":-0.0106621007,"12":0.0105333869,"13":-0.0114898634,"14":-0.0095631145,"15":0.009372644,"16":0.0156371198,"17":0.0167094592,"18":-0.0056321769,"19":0.0048913874,"20":0.0239384375},"17":{"1":-0.0061997075,"2":0.0389094889,"3":-0.0155096191,"4":-0.015231257,"5":-0.0256967056,"6":-0.0180951696,"7":0.0014042191,"8":0.0130945841,"9":0.031663692,"10":-0.0028749955,"11":-0.0134224529,"12":-0.0032402585,"13":0.0153947756,"14":0.0025208506,"15":-0.0044630592,"16":-0.0018757426,"17":0.0156073114,"18":0.0010078205,"19":-0.0297052522,"20":0.0017957751},"18":{"1":-0.0018870626,"2":-0.0076152184,"3":-0.0061299607,"4":-0.0040897356,"5":0.0034065027,"6":-0.0195396359,"7":0.0264920293,"8":0.0139648688,"9":0.0144350288,"10":-0.0143605629,"11":-0.0100061809,"12":0.0074133322,"13":0.0041306608,"14":0.0162288438,"15":-0.0060828913,"16":0.0037056403,"17":-0.0028907899,"18":-0.0092048298,"19":0.0001217766,"20":0.0355249762},"19":{"1":0.0271093509,"2":-0.0156064683,"3":-0.0023815918,"4":0.0191864353,"5":-0.0068108844,"6":0.0041714888,"7":-0.0039125943,"8":-0.0146538884,"9":0.0023650361,"10":-0.0033899075,"11":-0.0016162818,"12":0.0132377542,"13":0.0142379107,"14":-0.0025994454,"15":0.0056782915,"16":0.0287350579,"17":-0.0048850678,"18":0.0161279564,"19":-0.0014010113,"20":0.0179525818}}